
INSERT INTO `__PREFIX__shop_category` (`id`, `pid`, `name`, `nickname`, `flag`, `image`, `keywords`, `description`, `icon`, `diyname`, `isnav`, `createtime`, `updatetime`, `weigh`, `status`) VALUES
(1, 0, '电子产品', '', '', '', '', '', 'shopicon icon-laptop-computer', 'dianzichanpin', 1, 1623309726, 1625553392, 1, 'normal'),
(2, 0, '家用电器', '', '', '', '', '', 'shopicon icon-washing-machine', 'jiayongjnkk', 1, 1623309740, 1625553386, 2, 'normal'),
(3, 0, '医药保健', '', '', '', '', '', 'shopicon icon-medical-box', 'yiyaobaojian', 1, 1623314646, 1625553381, 3, 'normal'),
(4, 0, '生活居家', '', 'index', '', '', '', 'shopicon icon-refrigerator', 'shenghuojujia', 1, 1623314655, 1625553369, 4, 'normal'),
(5, 0, '家纺家饰', '', '', '', '', '', 'shopicon icon-sofa', 'jiafangjiashi', 1, 1623314662, 1625553360, 5, 'normal'),
(6, 0, '汽车配件', '', '', '', '', '', 'shopicon icon-car', 'qichepeijian', 1, 1623314669, 1625553337, 6, 'normal'),
(7, 0, '化妆品', '', '', '', '', '', 'shopicon icon-lipstick', 'huazhuangpin', 1, 1623314675, 1625553328, 7, 'normal'),
(8, 0, '户外运动', '', '', '', '', '', 'shopicon icon-outdoor', 'huwaiyundong', 1, 1623314682, 1625553318, 8, 'normal'),
(9, 0, '食物饮品', '', 'index', '', '', '', 'shopicon icon-bowl-one', 'shiwuyinpin', 1, 1623314689, 1625553311, 9, 'normal'),
(10, 0, '数码手机', '', 'index', '', '', '', 'shopicon icon-devices', 'shumashouji', 1, 1623314698, 1625553303, 10, 'normal'),
(11, 0, '母婴玩具', '', '', '', '', '', 'shopicon icon-pokeball-one', 'muyingwanju', 1, 1623314721, 1625553290, 11, 'normal'),
(12, 7, '纸品湿巾', '', '', '', '', '', 'shopicon icon-juanzhi', 'zhipinshijin', 1, 1623314835, 1625133737, 12, 'normal'),
(13, 7, '衣物清洁', '', '', '', '', '', 'shopicon icon-xizhuang', 'yiwuqingjie', 1, 1623314877, 1625133742, 13, 'normal'),
(14, 7, '身体护理', '', '', '', '', '', 'shopicon icon-hufupin', 'shentihuli', 1, 1623314885, 1625133747, 14, 'normal'),
(15, 7, '洗发护发', '', '', '', '', '', 'shopicon icon-wanju', 'xifahufa', 1, 1623314909, 1625133752, 15, 'normal'),
(17, 7, '家庭清洁', '', '', '', '', '', 'shopicon icon-naiping', 'jiatingqingjie', 1, 1623314931, 1625133710, 17, 'normal'),
(18, 5, '清凉夏被', '', '', '', '', '', 'shopicon icon-lvxingdai', 'qingliangxiabei', 1, 1623314959, 1625133774, 18, 'normal'),
(20, 5, '枕头枕芯', '', '', '', '', '', 'shopicon icon-dianyundou', 'zhentouzhenxin', 1, 1623314997, 1625133766, 20, 'normal'),
(21, 5, '毛巾浴巾', '', '', '', '', '', 'shopicon icon-bangqiu', 'maojinyujin', 1, 1623315006, 1625133762, 21, 'normal'),
(22, 5, '床垫床褥', '', '', '', '', '', 'shopicon icon-jieri', 'chuangdianchuangru', 1, 1623315018, 1625133758, 22, 'normal');

--
-- 转存表中的数据 `__PREFIX__shop_goods`
--

INSERT INTO `__PREFIX__shop_goods` (`id`, `goods_sn`, `category_id`, `brand_id`, `title`, `subtitle`, `keywords`, `description`, `marketprice`, `price`, `stocks`, `sales`, `views`, `comments`, `shares`, `guarantee_ids`, `star`, `image`, `images`, `content`, `corner`, `flag`, `spectype`, `weight`, `isvirtual`, `freight_id`, `weigh`, `createtime`, `updatetime`, `deletetime`, `status`) VALUES
(1, '', 4, 1, '浅色系简约居家生活场景布局沙发椅子桌子', '与家人一起静享田园请诗意般的生活', '', '', '1999.00', '999.00', 200, 0, 5, 0, 0, '2,1', 0, 'https://images.unsplash.com/photo-1544457070-4cd773b4d71e?ixid=MnwxMjA3fDB8MHxzZWFyY2h8MXx8ZnVybml0dXJlfGVufDB8MnwwfHw%3D&ixlib=rb-1.2.1&auto=format&fit=crop&w=500&q=60', 'https://images.unsplash.com/photo-1615471618985-97108e2ba478?ixid=MnwxMjA3fDB8MHxzZWFyY2h8MjR8fGZ1cm5pdHVyZXxlbnwwfDJ8MHx8&ixlib=rb-1.2.1&auto=format&fit=crop&w=500&q=60,https://images.unsplash.com/photo-1615529182904-14819c35db37?ixid=MnwxMjA3fDB8MHxzZWFyY2h8MjB8fGZ1cm5pdHVyZXxlbnwwfDJ8MHx8&ixlib=rb-1.2.1&auto=format&fit=crop&w=500&q=60,https://images.unsplash.com/photo-1618377384716-462f06a61706?ixid=MnwxMjA3fDB8MHxzZWFyY2h8Nnx8ZnVybml0dXJlfGVufDB8MnwwfHw%3D&ixlib=rb-1.2.1&auto=format&fit=crop&w=500&q=60,https://images.unsplash.com/photo-1544457070-4cd773b4d71e?ixid=MnwxMjA3fDB8MHxzZWFyY2h8MXx8ZnVybml0dXJlfGVufDB8MnwwfHw%3D&ixlib=rb-1.2.1&auto=format&fit=crop&w=500&q=60,https://images.unsplash.com/photo-1618220048045-10a6dbdf83e0?ixid=MnwxMjA3fDB8MHxzZWFyY2h8NHx8ZnVybml0dXJlfGVufDB8MnwwfHw%3D&ixlib=rb-1.2.1&auto=format&fit=crop&w=500&q=60', '<div class=\"alert alert-warning\">\r\n	此页面所有商品、价格、介绍等仅用于站点功能演示，不作为真实商品销售。\r\n</div>\r\n<p>\r\n	<img src=\"https://images.unsplash.com/photo-1593512828202-a5b036b628a9?ixid=MnwxMjA3fDB8MHxzZWFyY2h8NTZ8fGZ1cm5pdHVyZXxlbnwwfDJ8MHx8&ixlib=rb-1.2.1&auto=format&fit=crop&w=1024&q=60\" alt=\"\" /> \r\n</p>\r\n<p>\r\n	<img src=\"https://images.unsplash.com/photo-1587280963766-6f31d3647a1f?ixid=MnwxMjA3fDB8MHxzZWFyY2h8NDN8fGZ1cm5pdHVyZXxlbnwwfDJ8MHx8&ixlib=rb-1.2.1&auto=format&fit=crop&w=1024&q=60\" alt=\"\" /> \r\n</p>\r\n<br />\r\n<p>\r\n	<img src=\"https://images.unsplash.com/photo-1618377385011-b861fcfb18f8?ixid=MnwxMjA3fDB8MHxzZWFyY2h8Mzl8fGZ1cm5pdHVyZXxlbnwwfDJ8MHx8&ixlib=rb-1.2.1&auto=format&fit=crop&w=1024&q=60\" alt=\"\" /> \r\n</p>\r\n<br />\r\n<p>\r\n	<img src=\"https://images.unsplash.com/photo-1615529182904-14819c35db37?ixid=MnwxMjA3fDB8MHxzZWFyY2h8MjB8fGZ1cm5pdHVyZXxlbnwwfDJ8MHx8&ixlib=rb-1.2.1&auto=format&fit=crop&w=1024&q=60\" alt=\"\" /> \r\n</p>\r\n<p>\r\n	<br />\r\n</p>', '', '', 0, '1.20', 0, 2, 1, 1625025513, 1625042267, NULL, 'normal'),
(2, '1001', 4, 1, '原木色居家生活场景单人座沙发原木色茶几', '', '', '', '599.00', '299.00', 200, 0, 4, 0, 0, '2,1', 0, 'https://images.unsplash.com/photo-1596900749995-57cec6ddb861?ixid=MnwxMjA3fDB8MHxzZWFyY2h8MjF8fGZ1cm5pdHVyZXxlbnwwfDJ8MHx8&ixlib=rb-1.2.1&auto=format&fit=crop&w=500&q=60', 'https://images.unsplash.com/photo-1567016515344-5e3b0d67bb75?ixid=MnwxMjA3fDB8MHxzZWFyY2h8Mjl8fGZ1cm5pdHVyZXxlbnwwfDJ8MHx8&ixlib=rb-1.2.1&auto=format&fit=crop&w=500&q=60,https://images.unsplash.com/photo-1616132205093-3158f3a65fb5?ixid=MnwxMjA3fDB8MHxzZWFyY2h8MjJ8fGZ1cm5pdHVyZXxlbnwwfDJ8MHx8&ixlib=rb-1.2.1&auto=format&fit=crop&w=500&q=60,https://images.unsplash.com/photo-1596900749995-57cec6ddb861?ixid=MnwxMjA3fDB8MHxzZWFyY2h8MjF8fGZ1cm5pdHVyZXxlbnwwfDJ8MHx8&ixlib=rb-1.2.1&auto=format&fit=crop&w=500&q=60', '<div class=\"alert alert-warning\">\r\n	此页面所有商品、价格、介绍等仅用于站点功能演示，不作为真实商品销售。\r\n</div>\r\n<p>\r\n	<img src=\"https://images.unsplash.com/photo-1593512828202-a5b036b628a9?ixid=MnwxMjA3fDB8MHxzZWFyY2h8NTZ8fGZ1cm5pdHVyZXxlbnwwfDJ8MHx8&ixlib=rb-1.2.1&auto=format&fit=crop&w=1024&q=60\" alt=\"\" /> \r\n</p>\r\n<p>\r\n	<img src=\"https://images.unsplash.com/photo-1587280963766-6f31d3647a1f?ixid=MnwxMjA3fDB8MHxzZWFyY2h8NDN8fGZ1cm5pdHVyZXxlbnwwfDJ8MHx8&ixlib=rb-1.2.1&auto=format&fit=crop&w=1024&q=60\" alt=\"\" /> \r\n</p>\r\n<br />\r\n<p>\r\n	<img src=\"https://images.unsplash.com/photo-1618377385011-b861fcfb18f8?ixid=MnwxMjA3fDB8MHxzZWFyY2h8Mzl8fGZ1cm5pdHVyZXxlbnwwfDJ8MHx8&ixlib=rb-1.2.1&auto=format&fit=crop&w=1024&q=60\" alt=\"\" /> \r\n</p>\r\n<br />\r\n<p>\r\n	<img src=\"https://images.unsplash.com/photo-1615529182904-14819c35db37?ixid=MnwxMjA3fDB8MHxzZWFyY2h8MjB8fGZ1cm5pdHVyZXxlbnwwfDJ8MHx8&ixlib=rb-1.2.1&auto=format&fit=crop&w=1024&q=60\" alt=\"\" /> \r\n</p>\r\n<p>\r\n	<br />\r\n</p>', '', 'recommend', 1, '1.23', 0, 2, 2, 1625025627, 1625560620, NULL, 'normal'),
(3, '', 4, 1, '简约设计原木色墙纸壁画挂件摆台阳光壁画', '', '', '', '499.00', '299.00', 200, 0, 5, 0, 0, '1,2', 0, 'https://images.unsplash.com/photo-1616048056617-93b94a339009?ixid=MnwxMjA3fDB8MHxzZWFyY2h8MjV8fGZ1cm5pdHVyZXxlbnwwfDJ8MHx8&ixlib=rb-1.2.1&auto=format&fit=crop&w=500&q=60', 'https://images.unsplash.com/photo-1593085260707-5377ba37f868?ixlib=rb-1.2.1&ixid=MnwxMjA3fDB8MHxzZWFyY2h8Mzh8fGZ1cm5pdHVyZXxlbnwwfDJ8MHx8&auto=format&fit=crop&w=500&q=60,https://images.unsplash.com/photo-1606744857586-ec63a4683ca6?ixid=MnwxMjA3fDB8MHxzZWFyY2h8NjN8fGZ1cm5pdHVyZXxlbnwwfDJ8MHx8&ixlib=rb-1.2.1&auto=format&fit=crop&w=500&q=60,https://images.unsplash.com/photo-1593512828202-a5b036b628a9?ixid=MnwxMjA3fDB8MHxzZWFyY2h8NTZ8fGZ1cm5pdHVyZXxlbnwwfDJ8MHx8&ixlib=rb-1.2.1&auto=format&fit=crop&w=500&q=60,https://images.unsplash.com/photo-1587280963766-6f31d3647a1f?ixid=MnwxMjA3fDB8MHxzZWFyY2h8NDN8fGZ1cm5pdHVyZXxlbnwwfDJ8MHx8&ixlib=rb-1.2.1&auto=format&fit=crop&w=500&q=60,https://images.unsplash.com/photo-1618377385011-b861fcfb18f8?ixid=MnwxMjA3fDB8MHxzZWFyY2h8Mzl8fGZ1cm5pdHVyZXxlbnwwfDJ8MHx8&ixlib=rb-1.2.1&auto=format&fit=crop&w=500&q=60,https://images.unsplash.com/photo-1616048056617-93b94a339009?ixid=MnwxMjA3fDB8MHxzZWFyY2h8MjV8fGZ1cm5pdHVyZXxlbnwwfDJ8MHx8&ixlib=rb-1.2.1&auto=format&fit=crop&w=500&q=60', '<div class=\"alert alert-warning\">\r\n	此页面所有商品、价格、介绍等仅用于站点功能演示，不作为真实商品销售。\r\n</div>\r\n<p>\r\n	<img src=\"https://images.unsplash.com/photo-1593512828202-a5b036b628a9?ixid=MnwxMjA3fDB8MHxzZWFyY2h8NTZ8fGZ1cm5pdHVyZXxlbnwwfDJ8MHx8&ixlib=rb-1.2.1&auto=format&fit=crop&w=1024&q=60\" alt=\"\" /> \r\n</p>\r\n<p>\r\n	<img src=\"https://images.unsplash.com/photo-1587280963766-6f31d3647a1f?ixid=MnwxMjA3fDB8MHxzZWFyY2h8NDN8fGZ1cm5pdHVyZXxlbnwwfDJ8MHx8&ixlib=rb-1.2.1&auto=format&fit=crop&w=1024&q=60\" alt=\"\" /> \r\n</p>\r\n<br />\r\n<p>\r\n	<img src=\"https://images.unsplash.com/photo-1618377385011-b861fcfb18f8?ixid=MnwxMjA3fDB8MHxzZWFyY2h8Mzl8fGZ1cm5pdHVyZXxlbnwwfDJ8MHx8&ixlib=rb-1.2.1&auto=format&fit=crop&w=1024&q=60\" alt=\"\" /> \r\n</p>\r\n<br />\r\n<p>\r\n	<img src=\"https://images.unsplash.com/photo-1615529182904-14819c35db37?ixid=MnwxMjA3fDB8MHxzZWFyY2h8MjB8fGZ1cm5pdHVyZXxlbnwwfDJ8MHx8&ixlib=rb-1.2.1&auto=format&fit=crop&w=1024&q=60\" alt=\"\" /> \r\n</p>\r\n<p>\r\n	<br />\r\n</p>', '', '', 0, '1.88', 0, 2, 3, 1625025817, 1625025817, NULL, 'normal'),
(4, '1003', 4, 1, '简约居家厨房卧室挂件摆件花卉设计原木色系白色绿色', '让简约设计无处不在', '', '', '199.00', '188.00', 1000, 0, 1, 0, 0, '2,1', 0, 'https://images.unsplash.com/photo-1565791380709-49e529c8b073?ixid=MnwxMjA3fDB8MHxzZWFyY2h8MTV8fGhvbWV8ZW58MHwyfDB8fA%3D%3D&ixlib=rb-1.2.1&auto=format&fit=crop&w=500&q=60', 'https://images.unsplash.com/photo-1503011510-c0e00592713b?ixlib=rb-1.2.1&ixid=MnwxMjA3fDB8MHxzZWFyY2h8MTF8fGhvbWV8ZW58MHwyfDB8fA%3D%3D&auto=format&fit=crop&w=500&q=60,https://images.unsplash.com/photo-1558769132-92e717d613cd?ixid=MnwxMjA3fDB8MHxzZWFyY2h8MTZ8fGhvbWV8ZW58MHwyfDB8fA%3D%3D&ixlib=rb-1.2.1&auto=format&fit=crop&w=500&q=60,https://images.unsplash.com/photo-1501660034796-9860da6cb741?ixid=MnwxMjA3fDB8MHxzZWFyY2h8MTh8fGhvbWV8ZW58MHwyfDB8fA%3D%3D&ixlib=rb-1.2.1&auto=format&fit=crop&w=500&q=60', '<div class=\"alert alert-warning\">\r\n	此页面所有商品、价格、介绍等仅用于站点功能演示，不作为真实商品销售。\r\n</div>\r\n<p>\r\n	<img src=\"https://images.unsplash.com/photo-1593512828202-a5b036b628a9?ixid=MnwxMjA3fDB8MHxzZWFyY2h8NTZ8fGZ1cm5pdHVyZXxlbnwwfDJ8MHx8&ixlib=rb-1.2.1&auto=format&fit=crop&w=1024&q=60\" alt=\"\" /> \r\n</p>\r\n<p>\r\n	<img src=\"https://images.unsplash.com/photo-1587280963766-6f31d3647a1f?ixid=MnwxMjA3fDB8MHxzZWFyY2h8NDN8fGZ1cm5pdHVyZXxlbnwwfDJ8MHx8&ixlib=rb-1.2.1&auto=format&fit=crop&w=1024&q=60\" alt=\"\" /> \r\n</p>\r\n<br />\r\n<p>\r\n	<img src=\"https://images.unsplash.com/photo-1618377385011-b861fcfb18f8?ixid=MnwxMjA3fDB8MHxzZWFyY2h8Mzl8fGZ1cm5pdHVyZXxlbnwwfDJ8MHx8&ixlib=rb-1.2.1&auto=format&fit=crop&w=1024&q=60\" alt=\"\" /> \r\n</p>\r\n<br />\r\n<p>\r\n	<img src=\"https://images.unsplash.com/photo-1615529182904-14819c35db37?ixid=MnwxMjA3fDB8MHxzZWFyY2h8MjB8fGZ1cm5pdHVyZXxlbnwwfDJ8MHx8&ixlib=rb-1.2.1&auto=format&fit=crop&w=1024&q=60\" alt=\"\" /> \r\n</p>\r\n<p>\r\n	<br />\r\n</p>', '', 'recommend', 1, '1.55', 0, 2, 4, 1625034321, 1625560625, NULL, 'normal'),
(5, '', 4, 1, '经典白色系厨房设计配以绿色风格搭配设计餐桌餐具', '', '', '', '166.00', '128.00', 200, 0, 1, 0, 0, '1,2', 0, 'https://images.unsplash.com/photo-1603053487159-157ef3e64cce?ixid=MnwxMjA3fDB8MHxzZWFyY2h8Nnx8a2l0Y2hlbnxlbnwwfDJ8MHx8&ixlib=rb-1.2.1&auto=format&fit=crop&w=500&q=60', 'https://images.unsplash.com/photo-1613827243412-d50750b182a6?ixid=MnwxMjA3fDB8MHxzZWFyY2h8MTR8fGtpdGNoZW58ZW58MHwyfDB8fA%3D%3D&ixlib=rb-1.2.1&auto=format&fit=crop&w=500&q=60,https://images.unsplash.com/photo-1583777304100-a2a154c51f6b?ixid=MnwxMjA3fDB8MHxzZWFyY2h8OHx8a2l0Y2hlbnxlbnwwfDJ8MHx8&ixlib=rb-1.2.1&auto=format&fit=crop&w=500&q=60,https://images.unsplash.com/photo-1603053487159-157ef3e64cce?ixid=MnwxMjA3fDB8MHxzZWFyY2h8Nnx8a2l0Y2hlbnxlbnwwfDJ8MHx8&ixlib=rb-1.2.1&auto=format&fit=crop&w=500&q=60', '<div class=\"alert alert-warning\">\r\n	此页面所有商品、价格、介绍等仅用于站点功能演示，不作为真实商品销售。\r\n</div>\r\n<p>\r\n	<img src=\"https://images.unsplash.com/photo-1593512828202-a5b036b628a9?ixid=MnwxMjA3fDB8MHxzZWFyY2h8NTZ8fGZ1cm5pdHVyZXxlbnwwfDJ8MHx8&ixlib=rb-1.2.1&auto=format&fit=crop&w=1024&q=60\" alt=\"\" /> \r\n</p>\r\n<p>\r\n	<img src=\"https://images.unsplash.com/photo-1587280963766-6f31d3647a1f?ixid=MnwxMjA3fDB8MHxzZWFyY2h8NDN8fGZ1cm5pdHVyZXxlbnwwfDJ8MHx8&ixlib=rb-1.2.1&auto=format&fit=crop&w=1024&q=60\" alt=\"\" /> \r\n</p>\r\n<br />\r\n<p>\r\n	<img src=\"https://images.unsplash.com/photo-1618377385011-b861fcfb18f8?ixid=MnwxMjA3fDB8MHxzZWFyY2h8Mzl8fGZ1cm5pdHVyZXxlbnwwfDJ8MHx8&ixlib=rb-1.2.1&auto=format&fit=crop&w=1024&q=60\" alt=\"\" /> \r\n</p>\r\n<br />\r\n<p>\r\n	<img src=\"https://images.unsplash.com/photo-1615529182904-14819c35db37?ixid=MnwxMjA3fDB8MHxzZWFyY2h8MjB8fGZ1cm5pdHVyZXxlbnwwfDJ8MHx8&ixlib=rb-1.2.1&auto=format&fit=crop&w=1024&q=60\" alt=\"\" /> \r\n</p>\r\n<p>\r\n	<br />\r\n</p>', '', 'hot', 0, '2.55', 0, 2, 5, 1625034503, 1625034503, NULL, 'normal'),
(6, '1006', 4, 1, '办公室简约风格笔记本电脑桌办公沙发摆件原木色木地板', '简约商务风格', '', '', '299.00', '188.00', 3000, 0, 1, 0, 0, '2,1', 0, 'https://images.unsplash.com/photo-1562643439-cf97e2f6d189?ixid=MnwxMjA3fDB8MHxzZWFyY2h8MTEzfHxmdXJuaXR1cmV8ZW58MHwyfDB8fA%3D%3D&ixlib=rb-1.2.1&auto=format&fit=crop&w=500&q=60', 'https://images.unsplash.com/photo-1609959914470-d50dd6e5850d?ixid=MnwxMjA3fDB8MHxzZWFyY2h8MTYwfHxmdXJuaXR1cmV8ZW58MHwyfDB8fA%3D%3D&ixlib=rb-1.2.1&auto=format&fit=crop&w=500&q=60,https://images.unsplash.com/photo-1585125317747-64daaaf0fabc?ixid=MnwxMjA3fDB8MHxzZWFyY2h8MTczfHxmdXJuaXR1cmV8ZW58MHwyfDB8fA%3D%3D&ixlib=rb-1.2.1&auto=format&fit=crop&w=500&q=60,https://images.unsplash.com/photo-1555050891-f878b6570480?ixid=MnwxMjA3fDB8MHxzZWFyY2h8MTcyfHxmdXJuaXR1cmV8ZW58MHwyfDB8fA%3D%3D&ixlib=rb-1.2.1&auto=format&fit=crop&w=500&q=60', '<div class=\"alert alert-warning\">\r\n	此页面所有商品、价格、介绍等仅用于站点功能演示，不作为真实商品销售。\r\n</div>\r\n<p>\r\n	<img src=\"https://images.unsplash.com/photo-1593512828202-a5b036b628a9?ixid=MnwxMjA3fDB8MHxzZWFyY2h8NTZ8fGZ1cm5pdHVyZXxlbnwwfDJ8MHx8&ixlib=rb-1.2.1&auto=format&fit=crop&w=1024&q=60\" alt=\"\" /> \r\n</p>\r\n<p>\r\n	<img src=\"https://images.unsplash.com/photo-1587280963766-6f31d3647a1f?ixid=MnwxMjA3fDB8MHxzZWFyY2h8NDN8fGZ1cm5pdHVyZXxlbnwwfDJ8MHx8&ixlib=rb-1.2.1&auto=format&fit=crop&w=1024&q=60\" alt=\"\" /> \r\n</p>\r\n<br />\r\n<p>\r\n	<img src=\"https://images.unsplash.com/photo-1618377385011-b861fcfb18f8?ixid=MnwxMjA3fDB8MHxzZWFyY2h8Mzl8fGZ1cm5pdHVyZXxlbnwwfDJ8MHx8&ixlib=rb-1.2.1&auto=format&fit=crop&w=1024&q=60\" alt=\"\" /> \r\n</p>\r\n<br />\r\n<p>\r\n	<img src=\"https://images.unsplash.com/photo-1615529182904-14819c35db37?ixid=MnwxMjA3fDB8MHxzZWFyY2h8MjB8fGZ1cm5pdHVyZXxlbnwwfDJ8MHx8&ixlib=rb-1.2.1&auto=format&fit=crop&w=1024&q=60\" alt=\"\" /> \r\n</p>\r\n<p>\r\n	<br />\r\n</p>', '', 'recommend,hot', 1, '2.18', 0, 2, 6, 1625036448, 1625560596, NULL, 'normal'),
(7, '', 4, 1, '家用电脑绿植办公椅沙发原木色壁画简约设计装修风格', '', '', '', '100.00', '88.00', 200, 0, 2, 0, 0, '2,1', 0, 'https://images.unsplash.com/photo-1597567918979-a06f2e60bd5a?ixid=MnwxMjA3fDB8MHxzZWFyY2h8MTk5fHxmdXJuaXR1cmV8ZW58MHwyfDB8fA%3D%3D&ixlib=rb-1.2.1&auto=format&fit=crop&w=500&q=60', 'https://images.unsplash.com/photo-1586326613981-d2fcd71d3c74?ixid=MnwxMjA3fDB8MHxzZWFyY2h8MjUxfHxmdXJuaXR1cmV8ZW58MHwyfDB8fA%3D%3D&ixlib=rb-1.2.1&auto=format&fit=crop&w=500&q=60,https://images.unsplash.com/photo-1622372738946-62e02505feb3?ixid=MnwxMjA3fDB8MHxzZWFyY2h8MjU0fHxmdXJuaXR1cmV8ZW58MHwyfDB8fA%3D%3D&ixlib=rb-1.2.1&auto=format&fit=crop&w=500&q=60,https://images.unsplash.com/photo-1609980829355-b37d3a06f02c?ixid=MnwxMjA3fDB8MHxzZWFyY2h8MjY3fHxmdXJuaXR1cmV8ZW58MHwyfDB8fA%3D%3D&ixlib=rb-1.2.1&auto=format&fit=crop&w=500&q=60', '<div class=\"alert alert-warning\">\r\n	此页面所有商品、价格、介绍等仅用于站点功能演示，不作为真实商品销售。\r\n</div>\r\n<p>\r\n	<img src=\"https://images.unsplash.com/photo-1593512828202-a5b036b628a9?ixid=MnwxMjA3fDB8MHxzZWFyY2h8NTZ8fGZ1cm5pdHVyZXxlbnwwfDJ8MHx8&ixlib=rb-1.2.1&auto=format&fit=crop&w=1024&q=60\" alt=\"\" /> \r\n</p>\r\n<p>\r\n	<img src=\"https://images.unsplash.com/photo-1587280963766-6f31d3647a1f?ixid=MnwxMjA3fDB8MHxzZWFyY2h8NDN8fGZ1cm5pdHVyZXxlbnwwfDJ8MHx8&ixlib=rb-1.2.1&auto=format&fit=crop&w=1024&q=60\" alt=\"\" /> \r\n</p>\r\n<br />\r\n<p>\r\n	<img src=\"https://images.unsplash.com/photo-1618377385011-b861fcfb18f8?ixid=MnwxMjA3fDB8MHxzZWFyY2h8Mzl8fGZ1cm5pdHVyZXxlbnwwfDJ8MHx8&ixlib=rb-1.2.1&auto=format&fit=crop&w=1024&q=60\" alt=\"\" /> \r\n</p>\r\n<br />\r\n<p>\r\n	<img src=\"https://images.unsplash.com/photo-1615529182904-14819c35db37?ixid=MnwxMjA3fDB8MHxzZWFyY2h8MjB8fGZ1cm5pdHVyZXxlbnwwfDJ8MHx8&ixlib=rb-1.2.1&auto=format&fit=crop&w=1024&q=60\" alt=\"\" /> \r\n</p>\r\n<p>\r\n	<br />\r\n</p>', '', '', 0, '2.30', 0, 2, 7, 1625036617, 1625036617, NULL, 'normal'),
(8, '', 4, 1, '客厅简约装修风格原木色木质休闲椅米色沙发绿植', '充满设计感的居家布局', '', '', '1880.00', '990.00', 200, 0, 3, 0, 0, '2,1', 0, 'https://images.unsplash.com/photo-1615875474908-f403116f5287?ixid=MnwxMjA3fDB8MHxzZWFyY2h8MzUxfHxmdXJuaXR1cmV8ZW58MHwyfDB8fA%3D%3D&ixlib=rb-1.2.1&auto=format&fit=crop&w=500&q=60', 'https://images.unsplash.com/photo-1553533432-a1cf4da1a74a?ixid=MnwxMjA3fDB8MHxzZWFyY2h8MzQ1fHxmdXJuaXR1cmV8ZW58MHwyfDB8fA%3D%3D&ixlib=rb-1.2.1&auto=format&fit=crop&w=500&q=60,https://images.unsplash.com/photo-1615875474908-f403116f5287?ixid=MnwxMjA3fDB8MHxzZWFyY2h8MzUxfHxmdXJuaXR1cmV8ZW58MHwyfDB8fA%3D%3D&ixlib=rb-1.2.1&auto=format&fit=crop&w=500&q=60,https://images.unsplash.com/photo-1583590965320-bc3a98dc1d88?ixid=MnwxMjA3fDB8MHxzZWFyY2h8MzQ2fHxmdXJuaXR1cmV8ZW58MHwyfDB8fA%3D%3D&ixlib=rb-1.2.1&auto=format&fit=crop&w=500&q=60', '<div class=\"alert alert-warning\">\r\n	此页面所有商品、价格、介绍等仅用于站点功能演示，不作为真实商品销售。\r\n</div>\r\n<p>\r\n	<img src=\"https://images.unsplash.com/photo-1593512828202-a5b036b628a9?ixid=MnwxMjA3fDB8MHxzZWFyY2h8NTZ8fGZ1cm5pdHVyZXxlbnwwfDJ8MHx8&ixlib=rb-1.2.1&auto=format&fit=crop&w=1024&q=60\" alt=\"\" /> \r\n</p>\r\n<p>\r\n	<img src=\"https://images.unsplash.com/photo-1587280963766-6f31d3647a1f?ixid=MnwxMjA3fDB8MHxzZWFyY2h8NDN8fGZ1cm5pdHVyZXxlbnwwfDJ8MHx8&ixlib=rb-1.2.1&auto=format&fit=crop&w=1024&q=60\" alt=\"\" /> \r\n</p>\r\n<br />\r\n<p>\r\n	<img src=\"https://images.unsplash.com/photo-1618377385011-b861fcfb18f8?ixid=MnwxMjA3fDB8MHxzZWFyY2h8Mzl8fGZ1cm5pdHVyZXxlbnwwfDJ8MHx8&ixlib=rb-1.2.1&auto=format&fit=crop&w=1024&q=60\" alt=\"\" /> \r\n</p>\r\n<br />\r\n<p>\r\n	<img src=\"https://images.unsplash.com/photo-1615529182904-14819c35db37?ixid=MnwxMjA3fDB8MHxzZWFyY2h8MjB8fGZ1cm5pdHVyZXxlbnwwfDJ8MHx8&ixlib=rb-1.2.1&auto=format&fit=crop&w=1024&q=60\" alt=\"\" /> \r\n</p>\r\n<p>\r\n	<br />\r\n</p>', '', 'recommend', 0, '2.10', 0, 2, 8, 1625036743, 1625036849, NULL, 'normal'),
(9, '', 10, 1, '2021年手机扁平化风格设计高速网络WIFI上网', '', '', '', '5999.00', '5888.00', 200, 0, 0, 0, 0, '1,2', 0, 'https://images.unsplash.com/photo-1511707171634-5f897ff02aa9?ixid=MnwxMjA3fDB8MHxzZWFyY2h8MXx8YXBwbGUlMjBkZXZpY2VzfGVufDB8MnwwfHw%3D&ixlib=rb-1.2.1&auto=format&fit=crop&w=500&q=60', 'https://images.unsplash.com/photo-1545063328-c8e3faffa16f?ixid=MnwxMjA3fDB8MHxzZWFyY2h8NzN8fGFwcGxlJTIwZGV2aWNlc3xlbnwwfDJ8MHx8&ixlib=rb-1.2.1&auto=format&fit=crop&w=500&q=60,https://images.unsplash.com/photo-1548094891-c4ba474efd16?ixid=MnwxMjA3fDB8MHxzZWFyY2h8N3x8YXBwbGUlMjBkZXZpY2VzfGVufDB8MnwwfHw%3D&ixlib=rb-1.2.1&auto=format&fit=crop&w=500&q=60,https://images.unsplash.com/photo-1512054502232-10a0a035d672?ixid=MnwxMjA3fDB8MHxzZWFyY2h8NXx8YXBwbGUlMjBkZXZpY2VzfGVufDB8MnwwfHw%3D&ixlib=rb-1.2.1&auto=format&fit=crop&w=500&q=60', '<div class=\"alert alert-warning\">\r\n	此页面所有商品、价格、介绍等仅用于站点功能演示，不作为真实商品销售。\r\n</div>\r\n<p>\r\n	<img src=\"https://images.unsplash.com/photo-1513918596785-a2fcc5a5d302?ixid=MnwxMjA3fDB8MHxzZWFyY2h8Mjh8fGFwcGxlJTIwaXBhZHxlbnwwfDJ8MHx8&ixlib=rb-1.2.1&auto=format&fit=crop&w=1024&q=60\" alt=\"\" /> \r\n</p>\r\n<p>\r\n	<img src=\"https://images.unsplash.com/photo-1624823183493-ed5832f48f18?ixid=MnwxMjA3fDB8MHxzZWFyY2h8OXx8YXBwbGUlMjBpcGFkfGVufDB8MnwwfHw%3D&ixlib=rb-1.2.1&auto=format&fit=crop&w=1024&q=60\" alt=\"\" /> \r\n</p>\r\n<br />\r\n<p>\r\n	<img src=\"https://images.unsplash.com/photo-1593259037198-c720f4420d7f?ixid=MnwxMjA3fDB8MHxzZWFyY2h8NjR8fG1vYmlsZXxlbnwwfDJ8MHx8&ixlib=rb-1.2.1&auto=format&fit=crop&w=1024&q=60\" alt=\"\" /> \r\n</p>\r\n<br />\r\n<p>\r\n	<img src=\"https://images.unsplash.com/photo-1566999114730-1cd7a382f7e6?ixid=MnwxMjA3fDB8MHxzZWFyY2h8MTk1fHxtb2JpbGUlMjBwaG9uZXxlbnwwfDJ8MHx8&ixlib=rb-1.2.1&auto=format&fit=crop&w=1024&q=60\" alt=\"\" /> \r\n</p>\r\n<p>\r\n	<br />\r\n</p>', '', 'hot', 0, '1.85', 0, 2, 9, 1625037188, 1625037407, NULL, 'normal'),
(10, '', 10, 1, '手机手表平板电脑游戏手柄耳机键盘钱包白色桌面', '', '', '', '9990.00', '8880.00', 200, 0, 4, 0, 0, '1,2', 0, 'https://images.unsplash.com/photo-1624823183493-ed5832f48f18?ixid=MnwxMjA3fDB8MHxzZWFyY2h8OXx8YXBwbGUlMjBpcGFkfGVufDB8MnwwfHw%3D&ixlib=rb-1.2.1&auto=format&fit=crop&w=500&q=60', 'https://images.unsplash.com/photo-1513918596785-a2fcc5a5d302?ixid=MnwxMjA3fDB8MHxzZWFyY2h8Mjh8fGFwcGxlJTIwaXBhZHxlbnwwfDJ8MHx8&ixlib=rb-1.2.1&auto=format&fit=crop&w=500&q=60,https://images.unsplash.com/photo-1624823183493-ed5832f48f18?ixid=MnwxMjA3fDB8MHxzZWFyY2h8OXx8YXBwbGUlMjBpcGFkfGVufDB8MnwwfHw%3D&ixlib=rb-1.2.1&auto=format&fit=crop&w=500&q=60', '<div class=\"alert alert-warning\">\r\n	此页面所有商品、价格、介绍等仅用于站点功能演示，不作为真实商品销售。\r\n</div>\r\n<p>\r\n	<img src=\"https://images.unsplash.com/photo-1513918596785-a2fcc5a5d302?ixid=MnwxMjA3fDB8MHxzZWFyY2h8Mjh8fGFwcGxlJTIwaXBhZHxlbnwwfDJ8MHx8&ixlib=rb-1.2.1&auto=format&fit=crop&w=1024&q=60\" alt=\"\" /> \r\n</p>\r\n<p>\r\n	<img src=\"https://images.unsplash.com/photo-1624823183493-ed5832f48f18?ixid=MnwxMjA3fDB8MHxzZWFyY2h8OXx8YXBwbGUlMjBpcGFkfGVufDB8MnwwfHw%3D&ixlib=rb-1.2.1&auto=format&fit=crop&w=1024&q=60\" alt=\"\" /> \r\n</p>\r\n<br />\r\n<p>\r\n	<img src=\"https://images.unsplash.com/photo-1593259037198-c720f4420d7f?ixid=MnwxMjA3fDB8MHxzZWFyY2h8NjR8fG1vYmlsZXxlbnwwfDJ8MHx8&ixlib=rb-1.2.1&auto=format&fit=crop&w=1024&q=60\" alt=\"\" /> \r\n</p>\r\n<br />\r\n<p>\r\n	<img src=\"https://images.unsplash.com/photo-1566999114730-1cd7a382f7e6?ixid=MnwxMjA3fDB8MHxzZWFyY2h8MTk1fHxtb2JpbGUlMjBwaG9uZXxlbnwwfDJ8MHx8&ixlib=rb-1.2.1&auto=format&fit=crop&w=1024&q=60\" alt=\"\" /> \r\n</p>\r\n<p>\r\n	<br />\r\n</p>', '', 'hot', 0, '1.28', 0, 2, 10, 1625037303, 1625042143, NULL, 'normal'),
(11, '2001', 10, 1, '苹果手机手表书本黑色数码相机白色休闲简约', '运动户外旅行必备电子产品', '', '', '8888.00', '7999.00', 3000, 0, 0, 0, 0, '2,1', 0, 'https://images.unsplash.com/photo-1529607225807-563e0851ee7e?ixid=MnwxMjA3fDB8MHxzZWFyY2h8MzN8fG1vYmlsZXxlbnwwfDJ8MHx8&ixlib=rb-1.2.1&auto=format&fit=crop&w=500&q=60', 'https://images.unsplash.com/photo-1541085388148-a30647cab28f?ixid=MnwxMjA3fDB8MHxzZWFyY2h8Mzd8fG1vYmlsZXxlbnwwfDJ8MHx8&ixlib=rb-1.2.1&auto=format&fit=crop&w=500&q=60,https://images.unsplash.com/photo-1529607225807-563e0851ee7e?ixid=MnwxMjA3fDB8MHxzZWFyY2h8MzN8fG1vYmlsZXxlbnwwfDJ8MHx8&ixlib=rb-1.2.1&auto=format&fit=crop&w=500&q=60', '<div class=\"alert alert-warning\">\r\n	此页面所有商品、价格、介绍等仅用于站点功能演示，不作为真实商品销售。\r\n</div>\r\n<p>\r\n	<img src=\"https://images.unsplash.com/photo-1513918596785-a2fcc5a5d302?ixid=MnwxMjA3fDB8MHxzZWFyY2h8Mjh8fGFwcGxlJTIwaXBhZHxlbnwwfDJ8MHx8&ixlib=rb-1.2.1&auto=format&fit=crop&w=1024&q=60\" alt=\"\" /> \r\n</p>\r\n<p>\r\n	<img src=\"https://images.unsplash.com/photo-1624823183493-ed5832f48f18?ixid=MnwxMjA3fDB8MHxzZWFyY2h8OXx8YXBwbGUlMjBpcGFkfGVufDB8MnwwfHw%3D&ixlib=rb-1.2.1&auto=format&fit=crop&w=1024&q=60\" alt=\"\" /> \r\n</p>\r\n<br />\r\n<p>\r\n	<img src=\"https://images.unsplash.com/photo-1593259037198-c720f4420d7f?ixid=MnwxMjA3fDB8MHxzZWFyY2h8NjR8fG1vYmlsZXxlbnwwfDJ8MHx8&ixlib=rb-1.2.1&auto=format&fit=crop&w=1024&q=60\" alt=\"\" /> \r\n</p>\r\n<br />\r\n<p>\r\n	<img src=\"https://images.unsplash.com/photo-1566999114730-1cd7a382f7e6?ixid=MnwxMjA3fDB8MHxzZWFyY2h8MTk1fHxtb2JpbGUlMjBwaG9uZXxlbnwwfDJ8MHx8&ixlib=rb-1.2.1&auto=format&fit=crop&w=1024&q=60\" alt=\"\" /> \r\n</p>\r\n<p>\r\n	<br />\r\n</p>', '', 'recommend', 1, '1.66', 0, 2, 11, 1625037687, 1625560586, NULL, 'normal'),
(12, '', 10, 1, '手机笔记本快充充电宝水杯耳机绿植桌子简约设计', '', '', '', '19999.00', '9999.00', 200, 0, 4, 0, 0, '2,1', 0, 'https://images.unsplash.com/photo-1593259037198-c720f4420d7f?ixid=MnwxMjA3fDB8MHxzZWFyY2h8NjR8fG1vYmlsZXxlbnwwfDJ8MHx8&ixlib=rb-1.2.1&auto=format&fit=crop&w=500&q=60', 'https://images.unsplash.com/photo-1593259037198-c720f4420d7f?ixid=MnwxMjA3fDB8MHxzZWFyY2h8NjR8fG1vYmlsZXxlbnwwfDJ8MHx8&ixlib=rb-1.2.1&auto=format&fit=crop&w=500&q=60,https://images.unsplash.com/photo-1512486130939-2c4f79935e4f?ixid=MnwxMjA3fDB8MHxzZWFyY2h8NjJ8fG1vYmlsZXxlbnwwfDJ8MHx8&ixlib=rb-1.2.1&auto=format&fit=crop&w=500&q=60', '<div class=\"alert alert-warning\">\r\n	此页面所有商品、价格、介绍等仅用于站点功能演示，不作为真实商品销售。\r\n</div>\r\n<p>\r\n	<img src=\"https://images.unsplash.com/photo-1513918596785-a2fcc5a5d302?ixid=MnwxMjA3fDB8MHxzZWFyY2h8Mjh8fGFwcGxlJTIwaXBhZHxlbnwwfDJ8MHx8&ixlib=rb-1.2.1&auto=format&fit=crop&w=1024&q=60\" alt=\"\" /> \r\n</p>\r\n<p>\r\n	<img src=\"https://images.unsplash.com/photo-1624823183493-ed5832f48f18?ixid=MnwxMjA3fDB8MHxzZWFyY2h8OXx8YXBwbGUlMjBpcGFkfGVufDB8MnwwfHw%3D&ixlib=rb-1.2.1&auto=format&fit=crop&w=1024&q=60\" alt=\"\" /> \r\n</p>\r\n<br />\r\n<p>\r\n	<img src=\"https://images.unsplash.com/photo-1593259037198-c720f4420d7f?ixid=MnwxMjA3fDB8MHxzZWFyY2h8NjR8fG1vYmlsZXxlbnwwfDJ8MHx8&ixlib=rb-1.2.1&auto=format&fit=crop&w=1024&q=60\" alt=\"\" /> \r\n</p>\r\n<br />\r\n<p>\r\n	<img src=\"https://images.unsplash.com/photo-1566999114730-1cd7a382f7e6?ixid=MnwxMjA3fDB8MHxzZWFyY2h8MTk1fHxtb2JpbGUlMjBwaG9uZXxlbnwwfDJ8MHx8&ixlib=rb-1.2.1&auto=format&fit=crop&w=1024&q=60\" alt=\"\" /> \r\n</p>\r\n<p>\r\n	<br />\r\n</p>', '', 'recommend', 0, '1.68', 0, 2, 12, 1625037849, 1625037849, NULL, 'normal'),
(13, '', 10, 1, '红色手机黑色手机金色手机玫瑰金色手机键盘书本简约搭配', '商务办公更便捷', '', '', '10000.00', '9990.00', 200, 0, 0, 0, 0, '2,1', 0, 'https://images.unsplash.com/photo-1567160895307-ebd008647a00?ixid=MnwxMjA3fDB8MHxzZWFyY2h8M3x8bW9iaWxlJTIwcGhvbmV8ZW58MHwyfDB8fA%3D%3D&ixlib=rb-1.2.1&auto=format&fit=crop&w=500&q=60', 'https://images.unsplash.com/photo-1571126770037-2945244eea9c?ixid=MnwxMjA3fDB8MHxzZWFyY2h8ODh8fG1vYmlsZSUyMHBob25lfGVufDB8MnwwfHw%3D&ixlib=rb-1.2.1&auto=format&fit=crop&w=500&q=60,https://images.unsplash.com/photo-1567160895364-7b5a4e08b8a1?ixid=MnwxMjA3fDB8MHxzZWFyY2h8MTU5fHxtb2JpbGUlMjBwaG9uZXxlbnwwfDJ8MHx8&ixlib=rb-1.2.1&auto=format&fit=crop&w=500&q=60', '<div class=\"alert alert-warning\">\r\n	此页面所有商品、价格、介绍等仅用于站点功能演示，不作为真实商品销售。\r\n</div>\r\n<p>\r\n	<img src=\"https://images.unsplash.com/photo-1513918596785-a2fcc5a5d302?ixid=MnwxMjA3fDB8MHxzZWFyY2h8Mjh8fGFwcGxlJTIwaXBhZHxlbnwwfDJ8MHx8&ixlib=rb-1.2.1&auto=format&fit=crop&w=1024&q=60\" alt=\"\" /> \r\n</p>\r\n<p>\r\n	<img src=\"https://images.unsplash.com/photo-1624823183493-ed5832f48f18?ixid=MnwxMjA3fDB8MHxzZWFyY2h8OXx8YXBwbGUlMjBpcGFkfGVufDB8MnwwfHw%3D&ixlib=rb-1.2.1&auto=format&fit=crop&w=1024&q=60\" alt=\"\" /> \r\n</p>\r\n<br />\r\n<p>\r\n	<img src=\"https://images.unsplash.com/photo-1593259037198-c720f4420d7f?ixid=MnwxMjA3fDB8MHxzZWFyY2h8NjR8fG1vYmlsZXxlbnwwfDJ8MHx8&ixlib=rb-1.2.1&auto=format&fit=crop&w=1024&q=60\" alt=\"\" /> \r\n</p>\r\n<br />\r\n<p>\r\n	<img src=\"https://images.unsplash.com/photo-1566999114730-1cd7a382f7e6?ixid=MnwxMjA3fDB8MHxzZWFyY2h8MTk1fHxtb2JpbGUlMjBwaG9uZXxlbnwwfDJ8MHx8&ixlib=rb-1.2.1&auto=format&fit=crop&w=1024&q=60\" alt=\"\" /> \r\n</p>\r\n<p>\r\n	<br />\r\n</p>', '', '', 0, '1.38', 0, 2, 13, 1625038012, 1625038012, NULL, 'normal'),
(14, '2002', 10, 1, '午后咖啡白色手机黑色数码相机简约设计搭配', '', '', '', '8888.00', '5999.00', 800, 0, 25, 0, 0, '2,1', 0, 'https://images.unsplash.com/photo-1558489107-04818e97f88c?ixid=MnwxMjA3fDB8MHxzZWFyY2h8MTgzfHxtb2JpbGUlMjBwaG9uZXxlbnwwfDJ8MHx8&ixlib=rb-1.2.1&auto=format&fit=crop&w=500&q=60', 'https://images.unsplash.com/photo-1566999114730-1cd7a382f7e6?ixid=MnwxMjA3fDB8MHxzZWFyY2h8MTk1fHxtb2JpbGUlMjBwaG9uZXxlbnwwfDJ8MHx8&ixlib=rb-1.2.1&auto=format&fit=crop&w=500&q=60,https://images.unsplash.com/photo-1558489107-04818e97f88c?ixid=MnwxMjA3fDB8MHxzZWFyY2h8MTgzfHxtb2JpbGUlMjBwaG9uZXxlbnwwfDJ8MHx8&ixlib=rb-1.2.1&auto=format&fit=crop&w=500&q=60', '<div class=\"alert alert-warning\">\r\n	此页面所有商品、价格、介绍等仅用于站点功能演示，不作为真实商品销售。\r\n</div>\r\n<p>\r\n	<img src=\"https://images.unsplash.com/photo-1513918596785-a2fcc5a5d302?ixid=MnwxMjA3fDB8MHxzZWFyY2h8Mjh8fGFwcGxlJTIwaXBhZHxlbnwwfDJ8MHx8&ixlib=rb-1.2.1&auto=format&fit=crop&w=1024&q=60\" alt=\"\" /> \r\n</p>\r\n<p>\r\n	<img src=\"https://images.unsplash.com/photo-1624823183493-ed5832f48f18?ixid=MnwxMjA3fDB8MHxzZWFyY2h8OXx8YXBwbGUlMjBpcGFkfGVufDB8MnwwfHw%3D&ixlib=rb-1.2.1&auto=format&fit=crop&w=1024&q=60\" alt=\"\" /> \r\n</p>\r\n<br />\r\n<p>\r\n	<img src=\"https://images.unsplash.com/photo-1593259037198-c720f4420d7f?ixid=MnwxMjA3fDB8MHxzZWFyY2h8NjR8fG1vYmlsZXxlbnwwfDJ8MHx8&ixlib=rb-1.2.1&auto=format&fit=crop&w=1024&q=60\" alt=\"\" /> \r\n</p>\r\n<br />\r\n<p>\r\n	<img src=\"https://images.unsplash.com/photo-1566999114730-1cd7a382f7e6?ixid=MnwxMjA3fDB8MHxzZWFyY2h8MTk1fHxtb2JpbGUlMjBwaG9uZXxlbnwwfDJ8MHx8&ixlib=rb-1.2.1&auto=format&fit=crop&w=1024&q=60\" alt=\"\" /> \r\n</p>\r\n<p>\r\n	<br />\r\n</p>', '', 'recommend', 1, '1.28', 0, 2, 14, 1625038120, 1625560578, NULL, 'normal'),
(15, '', 10, 1, '阳光下午绿植手机咖啡耳机简约搭配设计风格', '一杯咖啡一首歌', '', '', '9999.00', '9990.00', 200, 0, 2, 0, 0, '2,1', 0, 'https://images.unsplash.com/photo-1509395062183-67c5ad6faff9?ixid=MnwxMjA3fDB8MHxzZWFyY2h8MTMzfHxpcGhvbmV8ZW58MHwyfDB8fA%3D%3D&ixlib=rb-1.2.1&auto=format&fit=crop&w=500&q=60', 'https://images.unsplash.com/photo-1509395062183-67c5ad6faff9?ixid=MnwxMjA3fDB8MHxzZWFyY2h8MTMzfHxpcGhvbmV8ZW58MHwyfDB8fA%3D%3D&ixlib=rb-1.2.1&auto=format&fit=crop&w=500&q=60,https://images.unsplash.com/photo-1624823183493-ed5832f48f18?ixid=MnwxMjA3fDB8MHxzZWFyY2h8MTU3fHxpcGhvbmV8ZW58MHwyfDB8fA%3D%3D&ixlib=rb-1.2.1&auto=format&fit=crop&w=500&q=60', '<div class=\"alert alert-warning\">\r\n	此页面所有商品、价格、介绍等仅用于站点功能演示，不作为真实商品销售。\r\n</div>\r\n<p>\r\n	<img src=\"https://images.unsplash.com/photo-1513918596785-a2fcc5a5d302?ixid=MnwxMjA3fDB8MHxzZWFyY2h8Mjh8fGFwcGxlJTIwaXBhZHxlbnwwfDJ8MHx8&ixlib=rb-1.2.1&auto=format&fit=crop&w=1024&q=60\" alt=\"\" /> \r\n</p>\r\n<p>\r\n	<img src=\"https://images.unsplash.com/photo-1624823183493-ed5832f48f18?ixid=MnwxMjA3fDB8MHxzZWFyY2h8OXx8YXBwbGUlMjBpcGFkfGVufDB8MnwwfHw%3D&ixlib=rb-1.2.1&auto=format&fit=crop&w=1024&q=60\" alt=\"\" /> \r\n</p>\r\n<br />\r\n<p>\r\n	<img src=\"https://images.unsplash.com/photo-1593259037198-c720f4420d7f?ixid=MnwxMjA3fDB8MHxzZWFyY2h8NjR8fG1vYmlsZXxlbnwwfDJ8MHx8&ixlib=rb-1.2.1&auto=format&fit=crop&w=1024&q=60\" alt=\"\" /> \r\n</p>\r\n<br />\r\n<p>\r\n	<img src=\"https://images.unsplash.com/photo-1566999114730-1cd7a382f7e6?ixid=MnwxMjA3fDB8MHxzZWFyY2h8MTk1fHxtb2JpbGUlMjBwaG9uZXxlbnwwfDJ8MHx8&ixlib=rb-1.2.1&auto=format&fit=crop&w=1024&q=60\" alt=\"\" /> \r\n</p>\r\n<p>\r\n	<br />\r\n</p>', '', 'recommend', 0, '1.40', 0, 2, 15, 1625038409, 1625038409, NULL, 'normal'),
(16, '2003', 10, 1, '紫色手机彩色桌布花瓶桌面摆饰简约搭配风格设计', '', '', '', '9999.00', '8888.00', 3000, 0, 0, 0, 0, '2,1', 0, 'https://images.unsplash.com/photo-1612653030120-4acd623d351a?ixid=MnwxMjA3fDB8MHxzZWFyY2h8MTEwfHxpcGhvbmUlMjAxMnxlbnwwfDJ8MHx8&ixlib=rb-1.2.1&auto=format&fit=crop&w=500&q=60', 'https://images.unsplash.com/photo-1621849244749-1db15a083a06?ixid=MnwxMjA3fDB8MHxzZWFyY2h8NHx8aXBob25lJTIwMTJ8ZW58MHwyfDB8fA%3D%3D&ixlib=rb-1.2.1&auto=format&fit=crop&w=500&q=60,https://images.unsplash.com/photo-1623830286332-463d3c91c855?ixid=MnwxMjA3fDB8MHxzZWFyY2h8MTJ8fGlwaG9uZSUyMDEyfGVufDB8MnwwfHw%3D&ixlib=rb-1.2.1&auto=format&fit=crop&w=500&q=60', '<div class=\"alert alert-warning\">\r\n	此页面所有商品、价格、介绍等仅用于站点功能演示，不作为真实商品销售。\r\n</div>\r\n<p>\r\n	<img src=\"https://images.unsplash.com/photo-1513918596785-a2fcc5a5d302?ixid=MnwxMjA3fDB8MHxzZWFyY2h8Mjh8fGFwcGxlJTIwaXBhZHxlbnwwfDJ8MHx8&ixlib=rb-1.2.1&auto=format&fit=crop&w=1024&q=60\" alt=\"\" /> \r\n</p>\r\n<p>\r\n	<img src=\"https://images.unsplash.com/photo-1624823183493-ed5832f48f18?ixid=MnwxMjA3fDB8MHxzZWFyY2h8OXx8YXBwbGUlMjBpcGFkfGVufDB8MnwwfHw%3D&ixlib=rb-1.2.1&auto=format&fit=crop&w=1024&q=60\" alt=\"\" /> \r\n</p>\r\n<br />\r\n<p>\r\n	<img src=\"https://images.unsplash.com/photo-1593259037198-c720f4420d7f?ixid=MnwxMjA3fDB8MHxzZWFyY2h8NjR8fG1vYmlsZXxlbnwwfDJ8MHx8&ixlib=rb-1.2.1&auto=format&fit=crop&w=1024&q=60\" alt=\"\" /> \r\n</p>\r\n<br />\r\n<p>\r\n	<img src=\"https://images.unsplash.com/photo-1566999114730-1cd7a382f7e6?ixid=MnwxMjA3fDB8MHxzZWFyY2h8MTk1fHxtb2JpbGUlMjBwaG9uZXxlbnwwfDJ8MHx8&ixlib=rb-1.2.1&auto=format&fit=crop&w=1024&q=60\" alt=\"\" /> \r\n</p>\r\n<p>\r\n	<br />\r\n</p>', '', 'hot', 1, '1.22', 0, 2, 16, 1625038551, 1625560569, NULL, 'normal'),
(17, '', 9, 1, '全麦面包黄瓜片梨子麦片健康下午茶搭配设计', '健康饮食每一天', '', '', '99.00', '80.00', 200, 0, 1, 0, 0, '1,2', 0, 'https://images.unsplash.com/photo-1475565098700-683be99a9b61?ixid=MnwxMjA3fDB8MHxzZWFyY2h8OHx8Zm9vZHxlbnwwfDJ8MHx3aGl0ZXw%3D&ixlib=rb-1.2.1&auto=format&fit=crop&w=500&q=60', 'https://images.unsplash.com/photo-1475565098700-683be99a9b61?ixid=MnwxMjA3fDB8MHxzZWFyY2h8OHx8Zm9vZHxlbnwwfDJ8MHx3aGl0ZXw%3D&ixlib=rb-1.2.1&auto=format&fit=crop&w=500&q=60', '<div class=\"alert alert-warning\">\r\n	此页面所有商品、价格、介绍等仅用于站点功能演示，不作为真实商品销售。\r\n</div>\r\n<p>\r\n	<img src=\"https://images.unsplash.com/photo-1504113888839-1c8eb50233d3?ixid=MnwxMjA3fDB8MHxwaG90by1wYWdlfHx8fGVufDB8fHx8&ixlib=rb-1.2.1&auto=format&fit=crop&w=1024&q=80\" alt=\"\" /> \r\n</p>\r\n<p>\r\n	<br />\r\n</p>\r\n<p>\r\n	<img src=\"https://images.unsplash.com/photo-1502114586089-b9480c602e18?ixlib=rb-1.2.1&ixid=MnwxMjA3fDB8MHxwaG90by1wYWdlfHx8fGVufDB8fHx8&auto=format&fit=crop&w=1024&q=80\" alt=\"\" /> \r\n</p>\r\n<p>\r\n	<br />\r\n</p>\r\n<img src=\"https://images.unsplash.com/photo-1459789034005-ba29c5783491?ixlib=rb-1.2.1&ixid=MnwxMjA3fDB8MHxwaG90by1wYWdlfHx8fGVufDB8fHx8&auto=format&fit=crop&w=1024&q=80\" alt=\"\" />', '', 'recommend', 0, '1.30', 0, 2, 17, 1625039084, 1625039084, NULL, 'normal'),
(18, '', 9, 1, '蓝莓果酱面板蓝莓下午茶简约设计搭配健康饮食', '', '', '', '90.00', '80.00', 200, 0, 0, 0, 0, '1,2', 0, 'https://images.unsplash.com/photo-1616541828107-c9a4211e66a2?ixid=MnwxMjA3fDB8MHxzZWFyY2h8MTV8fGZvb2R8ZW58MHwyfDB8d2hpdGV8&ixlib=rb-1.2.1&auto=format&fit=crop&w=500&q=60', 'https://images.unsplash.com/photo-1616541828107-c9a4211e66a2?ixid=MnwxMjA3fDB8MHxzZWFyY2h8MTV8fGZvb2R8ZW58MHwyfDB8d2hpdGV8&ixlib=rb-1.2.1&auto=format&fit=crop&w=500&q=60', '<div class=\"alert alert-warning\">\r\n	此页面所有商品、价格、介绍等仅用于站点功能演示，不作为真实商品销售。\r\n</div>\r\n<p>\r\n	<img src=\"https://images.unsplash.com/photo-1504113888839-1c8eb50233d3?ixid=MnwxMjA3fDB8MHxwaG90by1wYWdlfHx8fGVufDB8fHx8&ixlib=rb-1.2.1&auto=format&fit=crop&w=1024&q=80\" alt=\"\" /> \r\n</p>\r\n<p>\r\n	<br />\r\n</p>\r\n<p>\r\n	<img src=\"https://images.unsplash.com/photo-1502114586089-b9480c602e18?ixlib=rb-1.2.1&ixid=MnwxMjA3fDB8MHxwaG90by1wYWdlfHx8fGVufDB8fHx8&auto=format&fit=crop&w=1024&q=80\" alt=\"\" /> \r\n</p>\r\n<p>\r\n	<br />\r\n</p>\r\n<img src=\"https://images.unsplash.com/photo-1459789034005-ba29c5783491?ixlib=rb-1.2.1&ixid=MnwxMjA3fDB8MHxwaG90by1wYWdlfHx8fGVufDB8fHx8&auto=format&fit=crop&w=1024&q=80\" alt=\"\" />', '', '', 0, '2.00', 0, 2, 18, 1625039149, 1625039149, NULL, 'normal'),
(19, '3001', 9, 1, '零食下午茶必备牛油果小蕃茄简约设计搭配美味', '美味水果下午茶', '', '', '90.00', '80.00', 600, 0, 3, 0, 0, '2,1', 0, 'https://images.unsplash.com/photo-1583777304100-a2a154c51f6b?ixid=MnwxMjA3fDB8MHxzZWFyY2h8MjR8fGZvb2R8ZW58MHwyfDB8d2hpdGV8&ixlib=rb-1.2.1&auto=format&fit=crop&w=500&q=60', 'https://images.unsplash.com/photo-1583777304100-a2a154c51f6b?ixid=MnwxMjA3fDB8MHxzZWFyY2h8MjR8fGZvb2R8ZW58MHwyfDB8d2hpdGV8&ixlib=rb-1.2.1&auto=format&fit=crop&w=500&q=60', '<div class=\"alert alert-warning\">\r\n	此页面所有商品、价格、介绍等仅用于站点功能演示，不作为真实商品销售。\r\n</div>\r\n<p>\r\n	<img src=\"https://images.unsplash.com/photo-1504113888839-1c8eb50233d3?ixid=MnwxMjA3fDB8MHxwaG90by1wYWdlfHx8fGVufDB8fHx8&ixlib=rb-1.2.1&auto=format&fit=crop&w=1024&q=80\" alt=\"\" /> \r\n</p>\r\n<p>\r\n	<br />\r\n</p>\r\n<p>\r\n	<img src=\"https://images.unsplash.com/photo-1502114586089-b9480c602e18?ixlib=rb-1.2.1&ixid=MnwxMjA3fDB8MHxwaG90by1wYWdlfHx8fGVufDB8fHx8&auto=format&fit=crop&w=1024&q=80\" alt=\"\" /> \r\n</p>\r\n<p>\r\n	<br />\r\n</p>\r\n<img src=\"https://images.unsplash.com/photo-1459789034005-ba29c5783491?ixlib=rb-1.2.1&ixid=MnwxMjA3fDB8MHxwaG90by1wYWdlfHx8fGVufDB8fHx8&auto=format&fit=crop&w=1024&q=80\" alt=\"\" />', '', 'recommend,hot', 1, '1.00', 0, 2, 19, 1625039270, 1625560561, NULL, 'normal'),
(20, '', 9, 1, '美味搭配下午茶零食蓝莓咖啡面包白色桌面', '', '', '', '90.00', '80.00', 198, 1, 44, 0, 0, '2,1', 0, 'https://images.unsplash.com/photo-1481931715705-36f5f79f1f3d?ixid=MnwxMjA3fDB8MHxzZWFyY2h8MTF8fGZvb2R8ZW58MHwyfDB8fA%3D%3D&ixlib=rb-1.2.1&auto=format&fit=crop&w=500&q=60', 'https://images.unsplash.com/photo-1481931715705-36f5f79f1f3d?ixid=MnwxMjA3fDB8MHxzZWFyY2h8MTF8fGZvb2R8ZW58MHwyfDB8fA%3D%3D&ixlib=rb-1.2.1&auto=format&fit=crop&w=500&q=60', '<div class=\"alert alert-warning\">\r\n	此页面所有商品、价格、介绍等仅用于站点功能演示，不作为真实商品销售。\r\n</div>\r\n<p>\r\n	<img src=\"https://images.unsplash.com/photo-1504113888839-1c8eb50233d3?ixid=MnwxMjA3fDB8MHxwaG90by1wYWdlfHx8fGVufDB8fHx8&ixlib=rb-1.2.1&auto=format&fit=crop&w=1024&q=80\" alt=\"\" /> \r\n</p>\r\n<p>\r\n	<br />\r\n</p>\r\n<p>\r\n	<img src=\"https://images.unsplash.com/photo-1502114586089-b9480c602e18?ixlib=rb-1.2.1&ixid=MnwxMjA3fDB8MHxwaG90by1wYWdlfHx8fGVufDB8fHx8&auto=format&fit=crop&w=1024&q=80\" alt=\"\" /> \r\n</p>\r\n<p>\r\n	<br />\r\n</p>\r\n<img src=\"https://images.unsplash.com/photo-1459789034005-ba29c5783491?ixlib=rb-1.2.1&ixid=MnwxMjA3fDB8MHxwaG90by1wYWdlfHx8fGVufDB8fHx8&auto=format&fit=crop&w=1024&q=80\" alt=\"\" />', '', 'recommend', 0, '1.24', 0, 2, 20, 1625039445, 1625039445, NULL, 'normal'),
(21, '3002', 9, 1, '蓝莓猕猴桃麦片美味零食下午茶简约搭配设计风格', '麦片水果零食混搭', '', '', '128.00', '90.00', 4500, 0, 12, 0, 0, '2,1', 0, 'https://images.unsplash.com/photo-1543363136-3fdb62e11be5?ixid=MnwxMjA3fDB8MHxzZWFyY2h8ODV8fGZvb2R8ZW58MHwyfDB8fA%3D%3D&ixlib=rb-1.2.1&auto=format&fit=crop&w=500&q=60', 'https://images.unsplash.com/photo-1543363136-3fdb62e11be5?ixid=MnwxMjA3fDB8MHxzZWFyY2h8ODV8fGZvb2R8ZW58MHwyfDB8fA%3D%3D&ixlib=rb-1.2.1&auto=format&fit=crop&w=500&q=60', '<div class=\"alert alert-warning\">\r\n	此页面所有商品、价格、介绍等仅用于站点功能演示，不作为真实商品销售。\r\n</div>\r\n<p>\r\n	<img src=\"https://images.unsplash.com/photo-1504113888839-1c8eb50233d3?ixid=MnwxMjA3fDB8MHxwaG90by1wYWdlfHx8fGVufDB8fHx8&ixlib=rb-1.2.1&auto=format&fit=crop&w=1024&q=80\" alt=\"\" /> \r\n</p>\r\n<p>\r\n	<br />\r\n</p>\r\n<p>\r\n	<img src=\"https://images.unsplash.com/photo-1502114586089-b9480c602e18?ixlib=rb-1.2.1&ixid=MnwxMjA3fDB8MHxwaG90by1wYWdlfHx8fGVufDB8fHx8&auto=format&fit=crop&w=1024&q=80\" alt=\"\" /> \r\n</p>\r\n<p>\r\n	<br />\r\n</p>\r\n<img src=\"https://images.unsplash.com/photo-1459789034005-ba29c5783491?ixlib=rb-1.2.1&ixid=MnwxMjA3fDB8MHxwaG90by1wYWdlfHx8fGVufDB8fHx8&auto=format&fit=crop&w=1024&q=80\" alt=\"\" />', '', 'hot', 1, '2.20', 0, 2, 21, 1625039528, 1625560549, NULL, 'normal'),
(22, '', 9, 1, '零食下午茶现烤面包打蛋器咖啡简约搭配风格', '', '', '', '128.00', '99.00', 200, 0, 0, 0, 0, '2,1', 0, 'https://images.unsplash.com/photo-1532499016263-f2c3e89de9cd?ixid=MnwxMjA3fDB8MHxzZWFyY2h8OTh8fGZvb2R8ZW58MHwyfDB8fA%3D%3D&ixlib=rb-1.2.1&auto=format&fit=crop&w=500&q=60', 'https://images.unsplash.com/photo-1532499016263-f2c3e89de9cd?ixid=MnwxMjA3fDB8MHxzZWFyY2h8OTh8fGZvb2R8ZW58MHwyfDB8fA%3D%3D&ixlib=rb-1.2.1&auto=format&fit=crop&w=500&q=60', '<div class=\"alert alert-warning\">\r\n	此页面所有商品、价格、介绍等仅用于站点功能演示，不作为真实商品销售。\r\n</div>\r\n<p>\r\n	<img src=\"https://images.unsplash.com/photo-1504113888839-1c8eb50233d3?ixid=MnwxMjA3fDB8MHxwaG90by1wYWdlfHx8fGVufDB8fHx8&ixlib=rb-1.2.1&auto=format&fit=crop&w=1024&q=80\" alt=\"\" /> \r\n</p>\r\n<p>\r\n	<br />\r\n</p>\r\n<p>\r\n	<img src=\"https://images.unsplash.com/photo-1502114586089-b9480c602e18?ixlib=rb-1.2.1&ixid=MnwxMjA3fDB8MHxwaG90by1wYWdlfHx8fGVufDB8fHx8&auto=format&fit=crop&w=1024&q=80\" alt=\"\" /> \r\n</p>\r\n<p>\r\n	<br />\r\n</p>\r\n<img src=\"https://images.unsplash.com/photo-1459789034005-ba29c5783491?ixlib=rb-1.2.1&ixid=MnwxMjA3fDB8MHxwaG90by1wYWdlfHx8fGVufDB8fHx8&auto=format&fit=crop&w=1024&q=80\" alt=\"\" />', '', 'hot', 0, '1.22', 0, 2, 22, 1625039651, 1625039651, NULL, 'normal'),
(23, '3003', 9, 1, '美味下午茶原味芝士披萨简约搭配水果下午茶', '水果芝士下午茶', '', '', '88.00', '80.00', 4499, 1, 8, 0, 0, '2,1', 0, 'https://images.unsplash.com/photo-1618414466217-34f57f16c354?ixid=MnwxMjA3fDB8MHxzZWFyY2h8M3x8cGl6emF8ZW58MHwyfDB8fA%3D%3D&ixlib=rb-1.2.1&auto=format&fit=crop&w=500&q=60', 'https://images.unsplash.com/photo-1618414466217-34f57f16c354?ixid=MnwxMjA3fDB8MHxzZWFyY2h8M3x8cGl6emF8ZW58MHwyfDB8fA%3D%3D&ixlib=rb-1.2.1&auto=format&fit=crop&w=500&q=60', '<div class=\"alert alert-warning\">\r\n	此页面所有商品、价格、介绍等仅用于站点功能演示，不作为真实商品销售。\r\n</div>\r\n<p>\r\n	<img src=\"https://images.unsplash.com/photo-1504113888839-1c8eb50233d3?ixid=MnwxMjA3fDB8MHxwaG90by1wYWdlfHx8fGVufDB8fHx8&ixlib=rb-1.2.1&auto=format&fit=crop&w=1024&q=80\" alt=\"\" /> \r\n</p>\r\n<p>\r\n	<br />\r\n</p>\r\n<p>\r\n	<img src=\"https://images.unsplash.com/photo-1502114586089-b9480c602e18?ixlib=rb-1.2.1&ixid=MnwxMjA3fDB8MHxwaG90by1wYWdlfHx8fGVufDB8fHx8&auto=format&fit=crop&w=1024&q=80\" alt=\"\" /> \r\n</p>\r\n<p>\r\n	<br />\r\n</p>\r\n<img src=\"https://images.unsplash.com/photo-1459789034005-ba29c5783491?ixlib=rb-1.2.1&ixid=MnwxMjA3fDB8MHxwaG90by1wYWdlfHx8fGVufDB8fHx8&auto=format&fit=crop&w=1024&q=80\" alt=\"\" />', '', 'recommend', 1, '1.20', 0, 2, 23, 1625041299, 1625560538, NULL, 'normal'),
(24, '', 9, 1, '休闲美味下午茶咖啡芝士披萨下午茶简单搭配', '', '', '', '98.00', '86.00', 200, 0, 6, 0, 0, '1,2', 0, 'https://images.unsplash.com/photo-1508848484850-f696c839aabd?ixid=MnwxMjA3fDB8MHxzZWFyY2h8MzZ8fHBpenphfGVufDB8MnwwfHw%3D&ixlib=rb-1.2.1&auto=format&fit=crop&w=500&q=60', 'https://images.unsplash.com/photo-1508848484850-f696c839aabd?ixid=MnwxMjA3fDB8MHxzZWFyY2h8MzZ8fHBpenphfGVufDB8MnwwfHw%3D&ixlib=rb-1.2.1&auto=format&fit=crop&w=500&q=60', '<div class=\"alert alert-warning\">\r\n	此页面所有商品、价格、介绍等仅用于站点功能演示，不作为真实商品销售。\r\n</div>\r\n<p>\r\n	<img src=\"https://images.unsplash.com/photo-1504113888839-1c8eb50233d3?ixid=MnwxMjA3fDB8MHxwaG90by1wYWdlfHx8fGVufDB8fHx8&ixlib=rb-1.2.1&auto=format&fit=crop&w=1024&q=80\" alt=\"\" /> \r\n</p>\r\n<p>\r\n	<br />\r\n</p>\r\n<p>\r\n	<img src=\"https://images.unsplash.com/photo-1502114586089-b9480c602e18?ixlib=rb-1.2.1&ixid=MnwxMjA3fDB8MHxwaG90by1wYWdlfHx8fGVufDB8fHx8&auto=format&fit=crop&w=1024&q=80\" alt=\"\" /> \r\n</p>\r\n<p>\r\n	<br />\r\n</p>\r\n<img src=\"https://images.unsplash.com/photo-1459789034005-ba29c5783491?ixlib=rb-1.2.1&ixid=MnwxMjA3fDB8MHxwaG90by1wYWdlfHx8fGVufDB8fHx8&auto=format&fit=crop&w=1024&q=80\" alt=\"\" />', '', '', 0, '1.28', 0, 2, 24, 1625041374, 1625044492, NULL, 'normal');

--
-- 转存表中的数据 `__PREFIX__shop_goods_sku`
--

INSERT INTO `__PREFIX__shop_goods_sku` (`id`, `goods_id`, `goods_sn`, `sku_id`, `image`, `price`, `marketprice`, `stocks`, `sales`, `weigh`, `createtime`, `updatetime`) VALUES
(1, 2, '1001', '1', '', '860.00', '1999.00', 100, 0, 0, 1625042669, 1625042669),
(2, 2, '1002', '2', '', '870.00', '1999.00', 100, 0, 0, 1625042669, 1625042669),
(3, 4, '1003', '3', '', '80.00', '199.00', 500, 0, 0, 1625042727, 1625042727),
(4, 4, '1004', '4', '', '80.00', '199.00', 500, 0, 0, 1625042727, 1625042727),
(5, 6, '1006', '5,7', '', '128.00', '299.00', 500, 0, 0, 1625042815, 1625042815),
(6, 6, '1006', '5,8', '', '126.00', '299.00', 500, 0, 0, 1625042815, 1625042815),
(7, 6, '1006', '5,9', '', '124.00', '299.00', 500, 0, 0, 1625042815, 1625042815),
(8, 6, '1006', '6,7', '', '120.00', '299.00', 500, 0, 0, 1625042815, 1625042815),
(9, 6, '1006', '6,8', '', '122.00', '299.00', 500, 0, 0, 1625042815, 1625042815),
(10, 6, '1006', '6,9', '', '123.00', '299.00', 500, 0, 0, 1625042815, 1625042815),
(11, 11, '2001', '10,13', '', '6999.00', '8888.00', 500, 0, 0, 1625042889, 1625042889),
(12, 11, '2001', '10,14', '', '6988.00', '8888.00', 500, 0, 0, 1625042889, 1625042889),
(13, 11, '2001', '11,13', '', '6977.00', '8888.00', 500, 0, 0, 1625042889, 1625042889),
(14, 11, '2001', '11,14', '', '6966.00', '8888.00', 500, 0, 0, 1625042889, 1625042889),
(15, 11, '2001', '12,13', '', '6955.00', '8888.00', 500, 0, 0, 1625042889, 1625042889),
(16, 11, '2001', '12,14', '', '6944.00', '8888.00', 500, 0, 0, 1625042889, 1625042889),
(17, 14, '2002', '15,17', '', '7999.00', '9999.00', 200, 0, 0, 1625042941, 1625042941),
(18, 14, '2002', '15,18', '', '7998.00', '9999.00', 200, 0, 0, 1625042941, 1625042941),
(19, 14, '2002', '16,17', '', '7997.00', '9999.00', 200, 0, 0, 1625042941, 1625042941),
(20, 14, '2002', '16,18', '', '7996.00', '9999.00', 200, 0, 0, 1625042941, 1625042941),
(21, 16, '2003', '19,22', '', '8999.00', '9999.00', 500, 0, 0, 1625042988, 1625042988),
(22, 16, '2003', '19,23', '', '8998.00', '9999.00', 500, 0, 0, 1625042988, 1625042988),
(23, 16, '2003', '20,22', '', '8997.00', '9999.00', 500, 0, 0, 1625042988, 1625042988),
(24, 16, '2003', '20,23', '', '8996.00', '9999.00', 500, 0, 0, 1625042988, 1625042988),
(25, 16, '2003', '21,22', '', '8995.00', '9999.00', 500, 0, 0, 1625042988, 1625042988),
(26, 16, '2003', '21,23', '', '8994.00', '9999.00', 500, 0, 0, 1625042988, 1625042988),
(27, 19, '3001', '24,26', '', '80.00', '90.00', 100, 0, 0, 1625043057, 1625043057),
(28, 19, '3001', '24,27', '', '81.00', '90.00', 100, 0, 0, 1625043057, 1625043057),
(29, 19, '3001', '24,28', '', '82.00', '90.00', 100, 0, 0, 1625043057, 1625043057),
(30, 19, '3001', '25,26', '', '83.00', '90.00', 100, 0, 0, 1625043057, 1625043057),
(31, 19, '3001', '25,27', '', '84.00', '90.00', 100, 0, 0, 1625043057, 1625043057),
(32, 19, '3001', '25,28', '', '85.00', '90.00', 100, 0, 0, 1625043057, 1625043057),
(33, 21, '3002', '29,32', '', '90.00', '128.00', 500, 0, 0, 1625043107, 1625043107),
(34, 21, '3002', '29,33', '', '91.00', '128.00', 500, 0, 0, 1625043107, 1625043107),
(35, 21, '3002', '29,34', '', '92.00', '128.00', 500, 0, 0, 1625043107, 1625043107),
(36, 21, '3002', '30,32', '', '93.00', '128.00', 500, 0, 0, 1625043107, 1625043107),
(37, 21, '3002', '30,33', '', '94.00', '128.00', 500, 0, 0, 1625043107, 1625043107),
(38, 21, '3002', '30,34', '', '95.00', '128.00', 500, 0, 0, 1625043107, 1625043107),
(39, 21, '3002', '31,32', '', '96.00', '128.00', 500, 0, 0, 1625043107, 1625043107),
(40, 21, '3002', '31,33', '', '97.00', '128.00', 500, 0, 0, 1625043107, 1625043107),
(41, 21, '3002', '31,34', '', '98.00', '128.00', 500, 0, 0, 1625043107, 1625043107),
(42, 23, '3003', '35,38', '', '60.00', '80.00', 500, 0, 0, 1625043172, 1625043172),
(43, 23, '3003', '35,39', '', '61.00', '80.00', 500, 0, 0, 1625043172, 1625043172),
(44, 23, '3003', '35,40', '', '62.00', '80.00', 500, 0, 0, 1625043172, 1625043172),
(45, 23, '3003', '36,38', '', '63.00', '80.00', 500, 0, 0, 1625043172, 1625043172),
(46, 23, '3003', '36,39', '', '64.00', '80.00', 499, 1, 0, 1625043172, 1625043172),
(47, 23, '3003', '36,40', '', '65.00', '80.00', 500, 0, 0, 1625043172, 1625043172),
(48, 23, '3003', '37,38', '', '66.00', '80.00', 500, 0, 0, 1625043172, 1625043172),
(49, 23, '3003', '37,39', '', '67.00', '80.00', 500, 0, 0, 1625043172, 1625043172),
(50, 23, '3003', '37,40', '', '60.00', '80.00', 500, 0, 0, 1625043172, 1625043172);

--
-- 转存表中的数据 `__PREFIX__shop_goods_sku_spec`
--

INSERT INTO `__PREFIX__shop_goods_sku_spec` (`id`, `goods_id`, `spec_id`, `spec_value_id`, `createtime`, `updatetime`) VALUES
(1, 2, 1, 1, 1625042669, 1625042669),
(2, 2, 1, 2, 1625042669, 1625042669),
(3, 4, 1, 1, 1625042727, 1625042727),
(4, 4, 1, 2, 1625042727, 1625042727),
(5, 6, 1, 1, 1625042814, 1625042814),
(6, 6, 1, 2, 1625042814, 1625042814),
(7, 6, 2, 3, 1625042814, 1625042814),
(8, 6, 2, 4, 1625042815, 1625042815),
(9, 6, 2, 5, 1625042815, 1625042815),
(10, 11, 3, 6, 1625042889, 1625042889),
(11, 11, 3, 7, 1625042889, 1625042889),
(12, 11, 3, 8, 1625042889, 1625042889),
(13, 11, 1, 9, 1625042889, 1625042889),
(14, 11, 1, 10, 1625042889, 1625042889),
(15, 14, 3, 7, 1625042941, 1625042941),
(16, 14, 3, 8, 1625042941, 1625042941),
(17, 14, 1, 9, 1625042941, 1625042941),
(18, 14, 1, 10, 1625042941, 1625042941),
(19, 16, 3, 6, 1625042988, 1625042988),
(20, 16, 3, 7, 1625042988, 1625042988),
(21, 16, 3, 8, 1625042988, 1625042988),
(22, 16, 1, 9, 1625042988, 1625042988),
(23, 16, 1, 10, 1625042988, 1625042988),
(24, 19, 4, 11, 1625043057, 1625043057),
(25, 19, 4, 12, 1625043057, 1625043057),
(26, 19, 5, 13, 1625043057, 1625043057),
(27, 19, 5, 14, 1625043057, 1625043057),
(28, 19, 5, 15, 1625043057, 1625043057),
(29, 21, 4, 11, 1625043107, 1625043107),
(30, 21, 4, 12, 1625043107, 1625043107),
(31, 21, 4, 16, 1625043107, 1625043107),
(32, 21, 5, 13, 1625043107, 1625043107),
(33, 21, 5, 14, 1625043107, 1625043107),
(34, 21, 5, 15, 1625043107, 1625043107),
(35, 23, 4, 11, 1625043172, 1625043172),
(36, 23, 4, 12, 1625043172, 1625043172),
(37, 23, 4, 16, 1625043172, 1625043172),
(38, 23, 5, 13, 1625043172, 1625043172),
(39, 23, 5, 14, 1625043172, 1625043172),
(40, 23, 5, 15, 1625043172, 1625043172);

--
-- 转存表中的数据 `__PREFIX__shop_search_log`
--

INSERT INTO `__PREFIX__shop_search_log` (`id`, `keywords`, `nums`, `createtime`, `status`) VALUES
(1, '玩具', 1, 1624936156, 'normal'),
(2, 'iPhone', 1, 1625818043, 'normal'),
(3, '下午茶', 1, 1625818048, 'normal'),
(4, '手机', 1, 1625818061, 'normal'),
(5, 'Macbook', 1, 1625818070, 'normal'),
(6, '简约', 1, 1625818077, 'normal');

--
-- 转存表中的数据 `__PREFIX__shop_sku_template`
--

INSERT INTO `__PREFIX__shop_sku_template` (`id`, `name`, `spec_names`, `spec_values`, `createtime`, `updatetime`) VALUES
(1, '手机', '容量;颜色', '32G,64G,128G;白色,黑色', 1625042399, 1625042399),
(2, '家居', '颜色', '原木色,米白色', 1625042491, 1625042491),
(3, '食物', '辣味;甜度', '不辣,微辣,超辣;少糖,半分糖,全糖', 1625042588, 1625042588);

--
-- 转存表中的数据 `__PREFIX__shop_spec`
--

INSERT INTO `__PREFIX__shop_spec` (`id`, `name`, `createtime`, `updatetime`) VALUES
(1, '颜色', 1625042669, 1625042669),
(2, '风格', 1625042814, 1625042814),
(3, '容量', 1625042889, 1625042889),
(4, '辣味', 1625043057, 1625043057),
(5, '甜度', 1625043057, 1625043057);

--
-- 转存表中的数据 `__PREFIX__shop_spec_value`
--

INSERT INTO `__PREFIX__shop_spec_value` (`id`, `spec_id`, `value`, `createtime`, `updatetime`) VALUES
(1, 1, '原木色', 1625042669, 1625042669),
(2, 1, '米白色', 1625042669, 1625042669),
(3, 2, '简约', 1625042814, 1625042814),
(4, 2, '办公', 1625042814, 1625042814),
(5, 2, '居家', 1625042814, 1625042814),
(6, 3, '32G', 1625042889, 1625042889),
(7, 3, '64G', 1625042889, 1625042889),
(8, 3, '128G', 1625042889, 1625042889),
(9, 1, '白色', 1625042889, 1625042889),
(10, 1, '黑色', 1625042889, 1625042889),
(11, 4, '不辣', 1625043057, 1625043057),
(12, 4, '微辣', 1625043057, 1625043057),
(13, 5, '少糖', 1625043057, 1625043057),
(14, 5, '半分糖', 1625043057, 1625043057),
(15, 5, '全糖', 1625043057, 1625043057),
(16, 4, '超辣', 1625043107, 1625043107);
